{
  "controller/Suppliers.controller.js": 1607708114133,
  "Component.js": 1607614899000,
  "model/models.js": 1607614899000,
  "i18n/i18n.properties": 1607614899000,
  "manifest.json": 1607708139847,
  "manifest-bundle.zip": 1607708139676,
  "Component-preload.js": 1607708139827,
  "Component-dbg.js": 1607614899000,
  "controller/Suppliers-dbg.controller.js": 1607708114133,
  "model/models-dbg.js": 1607614899000,
  "resources.json": 1607708139850,
  "view/Suppliers.view.xml": 1607707968365,
  "images/FioriDemo.PNG": 1607682083000,
  "css/style.css": 1607614899000,
  "index.html": 1607614899000
}